stars1qpeu488858wm3uzqfz9e6m76s5jmjjtcuwr8e2,500000000000000
stars1fayut6xzyka29zvznsumlgy5pl4vkn4fkmaznc,300000000000000
stars12ymx35lwtdxzqxmjg268hh0sp9cmfu2ujrdw8g,500000000000
stars1azm5fl53am6atwdlffh79zywjj7jhq0nhmzljc,500000000000
stars1x8ekgrl2jzafqz55twd6549ax8v90yr824t0mz,500000000000
stars1deufvp35smc5sahr6r6nkkr7qzk33gt5xf2vww,500000000000
stars1yty3zefn0z608qvsgrhp8nyxc0qk766dzzf5m5,500000000000
stars1qz3zj0j3546xywfe8qwcve5flne9w98qhmmmwl,10000000000
stars1qyt99shyjdp6ewyvhyknq6rzqkpkv7hezcg5v2,10000000000
stars1qv2tdjma7dcg6jmgawwd0aajjcx89rqck3v5nm,10000000000
stars1qe8uuf5x69c526h4nzxwv4ltftr73v7q5fnyna,10000000000
stars1pyuerj3r2m3ve7q5287ruwqr5qxlasjcv0hgph,10000000000
stars1pvxxlaq2mxef9xn2v3vpx3ynd48u4avd0jl78j,10000000000
stars1p3ga5uyzl9hum0j5qv0f5vysyevvwc8rdcr54g,10000000000
stars1pjmngrwcsatsuyy8m3qrunaun67sr9x7nuqz8j,10000000000
stars1zvf5cqv4yynk45xcpqp5js04pu58pjhksna7cc,10000000000
stars1rqmmaxkzy3jujgatn2walhnjf92zye7me6uvvj,10000000000
stars1r4sevyvum9ppqlw75t6h0ex9j4j9dzyd0zryq6,10000000000
stars1rkhzx3q59nzmrjrj3lhpazfxaxvm9uxl372f9h,10000000000
stars1ytmeusye99zdzumkx2hvlx5p3fj9d5w8thj6ga,10000000000
stars1yvrw5z5ec0n9c253hpy5lkq9cufmk8dvc8m9df,10000000000
stars1ywfhwv96yl7qlp2v5jj80jf2j533e3j6e6puww,10000000000
stars1y0k86wx0jpfqs9qcq6alalfwvyackwfqa85e40,10000000000
stars1yskcx5zfkr3nacn6f5zd08yw72zwm4s03cnl66,10000000000
stars1y3cxrze7kmktj93atd42g9rffyg823g0tv5dyq,10000000000
stars1yjq59fx4a4ahns9uje8jqvasyaafzxfakyfkgk,10000000000
stars1y58hfnm90r4efhlydx0gavz57lvm7k6uhpzu20,10000000000
stars1yad4khtgn79s7dcdm7lupadlhvhgrwp3v2jwm4,10000000000
stars19gchtvr4qpj5ch9zk5vd4c6jgd4jrp8c90c3te,10000000000
stars19fkg84w4mt38dlk90maz7r33eype57zx3mzpu3,10000000000
stars1926sz228mm6yjlwye9hfxxh0hh4nm4aqzl73yx,10000000000
stars19jw025fpcmayxj4qxp50uh2jvxuff57v95zhhz,10000000000
stars19l869pcwy6d72e5slrqgdg3qs2u9ej3q829p4s,10000000000
stars19lv4f4rrm5q5s7pt2f50lcq7gr2pd4gjkt6g60,10000000000
stars19lekr8tjw4ys55gjgq9ymvj38yrt69pzcl2s7z,10000000000
stars1xqum4wt30f3aqw8mmv823ty3x7gpmmdewua8k3,10000000000
stars1xzkpdcphmygtphaxmtjx35wjhgnlsddazgkwuv,10000000000
stars1xru87608vdps23q4s79006lcsm0tfxcl7vgglv,10000000000
stars1xh23t8ula39qfzquxj4eatga7pqpxxumm2fem6,10000000000
stars1xh3l38d0vrd49r2hhutu6p5hgmk99vvyryz62g,10000000000
stars185dupqc8z7w374r6d5wgqm9cqlr485wzwv55hc,10000000000
stars18u3wyvmmh2lq008gtwdsqcvj3m22aqyxq0s0xc,10000000000
stars1gp957czryfgyvxwn3tfnyy2f0t9g2p4p336np9,10000000000
stars1gskxy3s99y967v2knmjmgrkfhvk0nfve8xt74p,10000000000
stars1gjtvly9lel6zskvwtvlg5vhwpu9c9waw0c92fy,10000000000
stars1g5ggp7zqq6mec2fdz84q8pv6ykrf0lgtgxn60c,10000000000
stars1gkj0nrpw87ndxm5j2e240r3r8247r8xtulkrtj,10000000000
stars1gle9dkjsh9p2hd9skhkqyfvaydsw7vkr30fdzm,10000000000
stars1fyxjddcem0pwqsa7cjpg8e79ezewuxkczygumu,10000000000
stars1f4mjfnx604swljj8pv2923ruf6m38ylkaad8q6,10000000000
stars1fhznrvfyv25f27se8pqw79ytfcwh45j02lswy6,10000000000
stars12rfj3mvdfeh38p3ztmuhamgm4yxwq8a52uncht,10000000000
stars12v78y2lrpy2euhuzjtd6ssyzz3zllgs0h7z9gt,10000000000
stars12j27sg08nccd22gdp55fl8exarwust33a7x4vv,10000000000
stars1tnx3z8ke9za65v32qxhu65mav2282jruvmn3xz,10000000000
stars1tnffg6s9x35eac2kaw4zvkx7lvyhd7sp9yr8kp,10000000000
stars1tk057sckr9yf94a0ndn66ye8d9zgn860t966uu,10000000000
stars1vpy82purcj983jx8jt29py7v2eamv9yq7wmd63,10000000000
stars1v8yp5x5kfex4wep2pfuuyw68cn2lst3kmpmutg,10000000000
stars1vd2wr8vm6tqmn9vflue5kf7m9v7ltyye7k6hse,10000000000
stars1vaj7mt7kcrdxvfcl2ye7c2qwuxxmj9a7907wv7,10000000000
stars1d25p7fvtkhwu7ufyslmpsqcepppf5lfw8dhhnc,10000000000
stars1dtk6748uhvmhvakhleclrwprp27pe89vuf6pwe,10000000000
stars1dkuvgapkjf6lmdnh9jm4hy6zm85kvrqsjhlrld,10000000000
stars1wz3692qvg6g3kcnnyta40rn2jj5jfhxqfdl55g,10000000000
stars1wvh8n82r4alqhxs45m8jtf536sqc5nzzrhky97,10000000000
stars1026g52vdndkptqq5f46k9fwatyvzxtr4m7rnyd,10000000000
stars10wxn2lv29yqnw2uf4jf439kwy5ef00qdyvtgfh,10000000000
stars10n9npp3y4t9flc92j0swu49qzahkczc4g9nf60,10000000000
stars1swer6tl0s59g82xnq5gmgsdueld79wpwvj4lyy,10000000000
stars1s0lankh33kprer2l22nank5rvsuh9ksa20ued7,10000000000
stars1s33zct2zhhaf60x4a90cpe9yquw99jj0qh8pdx,10000000000
stars1s679uyrt0uhljj8ws905hetwn87jqdz3c09zyk,10000000000
stars13r4kyxcdwd49xekzvlasp23kt67ju85hkzsqnk,10000000000
stars13htkxk8nw6qwhfdugllp8ldtgt5nm80xzy23vv,10000000000
stars13curyx4nxhq5q3ge5x2yd54c4df20vusqt0jap,10000000000
stars13agg47uffkehwqpvqeqp86aamjmkvmt4u6l3ex,10000000000
stars1jp9v48a8u4vndt7m2ueal7v6a248n0sh6yp6u4,10000000000
stars1jxv0u20scum4trha72c7ltfgfqef6nscxkrjl7,10000000000
stars1j8y7wh6hsz0nr9sx7z9qhx4p2hgy58xenpfgre,10000000000
stars1jg39wazpukeqcytuuad7tsn3end22spgp9pg57,10000000000
stars1jnum75gr8jsn4xn9u48kc9ma5c4mrmvzmjfep2,10000000000
stars1jhn0mats4dgy7x9lk4m30yfcx5mkkezukrhzhh,10000000000
stars1j74f2ef2p9ue7tz0jlcg6ejnjhp5evv0966mx5,10000000000
stars1n8m39wjm2n93wxsmmhte5whljtzd9z3hm3dclz,10000000000
stars1nspplp7um4psdft5z0eks33l07jkn748m0aqdp,10000000000
stars1n3mhyp9fvcmuu8l0q8qvjy07x0rql8q4tp6zp5,10000000000
stars15rvwy3m0jmsc2ecgqmnfahvapppaqw3luyfmad,10000000000
stars15h93mze4d7uzls97pzy58rf9fplxmzya9euewy,10000000000
stars14ysq6pfyxh5jmhddvjhxu6du8nh7r824v63myq,10000000000
stars1487c4zgh9lfgm2tpvenl58832wzsm64ws0j5p3,10000000000
stars14ftwwcfvhnp3qvxawesjan5duh8rmrkrfnc58u,10000000000
stars1kg99k8wd67r0ffxwavgnxup7yk46rvtthshe4u,10000000000
stars1ksa839vuqehcgytzplsz225n7gmwqvp0pd3t2d,10000000000
stars1k5pyrxxd3usuneeeh4gssqh7sw0f73kvk9lnh4,10000000000
stars1hr4ag3mdzy08rl6r7pga832kvchqctvmfn8dkg,10000000000
stars1h87dt0ecnkphxrk5k5tvkedu7r7h9e6k482zau,10000000000
stars1hvw778wslvyxh6mmv3sy96mwnaw80elmgw6vp0,10000000000
stars1ck2p4qj79lqvsxp3wxpagxxrd98mt8xllguv08,10000000000
stars1e9xd5eggd4l9xynap0mjep3s2uwwxwsyxlyymd,10000000000
stars1e8twhfvncrlrezvmk452sw2rr60ut3qpcnls8x,10000000000
stars1eh397usaczphjk2fjra5590uyx6urp5j8el4rp,10000000000
stars1euk4m0h5j82pdytr6y9gd4umfwredkjzkcaykz,10000000000
stars1e7l7l25w3ajzjv400zxx42zrcprgruy9wyqt69,10000000000
stars16pj5gljqnqs0ajxakccfjhu05yczp987jw0wyy,10000000000
stars16x8thpydgpsfxtzjljqyvtm8a6pkk8gg5yp5cv,10000000000
stars16g3swraf327anff7eddmfae3yj92rqg0aac2tz,10000000000
stars162ty3nf7wd5tvqhsu486fexh832fyhamyxc4vs,10000000000
stars1mz2qks48v486d9m8wp4l9fxm2e9l0e0kfg23qv,10000000000
stars1mg0qwctfwnq59qsukrqgdtmzp0ky5exfee470k,10000000000
stars1msylh4vxq8uyz6cwcerme3yyq3cjpanphs2763,10000000000
stars1up3r2ha96wktlek3fvjrsnqaglvh09egd9yulk,10000000000
stars1uy96tewdka2dcuaq654q77zzz2uh40vh3ekl56,10000000000
stars1uau0wsngp9rxampkfwg93ztkyju29e48uxuhaw,10000000000
stars1ulvgmlttxhrnmegu57sj0n2qc7xvtrn9ptqxsy,10000000000
stars1arn8gtd3j2hutc2jluef48uduf30htay75snjx,10000000000
stars1ah9en7z47gkhe7tfydfwp78z4u5td5y52n5ll4,10000000000
stars179luvthvww4t0cawrcsv3t7a8amr4n7grwllxy,10000000000
stars17dn5e2n6w60pzyxeq79apr05r6jzfw7w4nnjc2,10000000000
stars17d6jxcmqzhhzjgnr5hvd73x25hupp60njkgsnq,10000000000
stars17skjxhtt54prnpxcs7a5rv9znlldpe5kv48vl4,10000000000
stars17jtf3gr53ztgjjlcl8vkhvvn0rusthdquuhneq,10000000000
stars17h2x3j7u44qkrq0sk8ul0r2qr440rwgj8pt804,10000000000
stars1lk6amgdr7u6pf5n3aq302fh9nkh0vduqa50ga9,10000000000